curve_id,curve,junction_id,junction_label,join,domain,lower_branch,upper_branch,value_jump,slope_jump,second_derivative_jump,C0,C1,C2
arri-logc3-ei800,ARRI LogC3 EI800,toe,linear / log10,0.010591,r,linear,log10,-2.5017210514288735e-07,1.8586447300350528e-05,-268.3842261916824,approx. (within published precision),approx. (within published precision),no
arri-logc4,ARRI LogC4,negative-join,linear extension / log2,-0.01805699611991131,r,linear extension,log2,4.4419444547346396e-17,-3.552713678800501e-15,-828.9834012960338,yes (exact/as printed),yes (exact/as printed),no
sony-s-log3,Sony S-Log3,toe,linear / log10,0.01125,r,linear,log10,-3.84969833788773e-14,-1.3977239651160405,-245.84563513693087,yes (exact/as printed),no (as printed),no
panasonic-v-log,Panasonic V-Log,toe,linear / log10,0.01,r,linear,log10,-3.1123499688590073e-07,1.0544708058723984e-05,-298.98614760854554,approx. (within published precision),approx. (within published precision),no
fujifilm-f-log,FUJIFILM F-Log,toe,linear / log10,0.00089,r,linear,log10,-0.000100936366135021,-0.38811484746260483,-465.4994590302861,approx. (within published precision),no (as printed),no
fujifilm-f-log2,FUJIFILM F-Log2,toe,linear / log10,0.000889,r,linear,log10,-3.54581886213845e-08,-0.3170333363362001,-675.4482955562279,approx. (within published precision),no (as printed),no
nikon-n-log,Nikon N-Log,root-log,cube root / ln,0.328,r,cube root,natural log,0.00012663284011238396,0.008381910671034498,-0.49127134837212505,approx. (within published precision),no (as printed),no
canon-log,Canon Log,zero,negative / positive log,0.0,published scene-linear,signed log branch,signed log branch,0.0,0.0,-50.15084844782516,yes (exact/as printed),yes (exact/as printed),no
canon-log-2,Canon Log 2,zero,negative / positive log,0.0,published scene-linear,signed log branch,signed log branch,0.0,0.0,-1963.478038519597,yes (exact/as printed),yes (exact/as printed),no
canon-log-3,Canon Log 3,negative-join,negative log / linear,-0.0126,r,negative log,linear middle,2.5636412298579714e-09,-8.639141695354624e-07,-30.205955344715566,approx. (within published precision),approx. (within published precision),no
canon-log-3,Canon Log 3,positive-join,linear / positive log,0.0126,r,linear middle,positive log,2.563641243735759e-09,8.639141695354624e-07,-30.205955344715566,approx. (within published precision),approx. (within published precision),no
red-log3g10,RED Log3G10,negative-join,linear extension / log10,-0.01,r,linear extension,log10,4.798326263882327e-17,-1.1401149398793109e-05,-2369.684572214894,yes (exact/as printed),approx. (within published precision),no
apple-log,Apple Log,floor-parabola,zero / parabola,-0.05641088,R,zero,parabola,2.2767916419431944e-33,6.562405113763603e-16,94.57422472,yes (exact/as printed),yes (exact/as printed),no
apple-log,Apple Log,parabola-log,parabola / log2,0.01,R,parabola,log2,2.748436950250621e-09,-3.346179653362924e-07,-414.35991035128603,approx. (within published precision),approx. (within published precision),no
dji-d-log,DJI D-Log (native EI),toe,linear / log10,0.0078,r,linear,log10,2.0150130822238488e-06,-0.06988514093075437,-318.150571113003,approx. (within published precision),no (as printed),no
cie-lstar,CIE L* / 100,lab-knee,linear / cube root,0.008856451679035631,Y/Yn,linear,cube root,6.938893903907228e-17,-3.552713678800501e-15,-679.9534990855053,yes (exact/as printed),yes (exact/as printed),no
