curve_id,curve,y_18pct,code_1023,dy_dr_18pct,d2y_dr2_18pct,dy_dstop_18pct,code_per_stop_1023,d2_stop_18pct
arri-logc3-ei800,ARRI LogC3 EI800,0.39100683203408376,399.9999891708677,0.5667802273360762,-2.992362291564652,0.0707151809835227,72.34163014614371,0.0024348891138708485
arri-logc4,ARRI LogC4,0.2783958365482653,284.79894078887537,0.4479671870242255,-2.1467109008049414,0.055891294680458094,57.17679445810863,0.005323736722994161
sony-s-log3,Sony S-Log3,0.41055718475073316,420.0,0.5842877348237915,-3.075198604335744,0.07289953128519625,74.57622050475575,0.0026594791881302936
panasonic-v-log,Panasonic V-Log,0.42331144876013616,433.04761208161926,0.5557579478746462,-2.9447249927125854,0.06933996983575656,70.93478914197897,0.002223219859514221
fujifilm-f-log,FUJIFILM F-Log,0.45931845866162124,469.8827832108385,0.7596887532937714,-3.855458550336084,0.09478370114076194,96.96372626699947,0.0056823747590758695
fujifilm-f-log2,FUJIFILM F-Log2,0.39100724189123004,400.00040845472836,0.5557709544315177,-2.899635930789705,0.06934159261823694,70.93644924845638,0.0029262315791523407
nikon-n-log,Nikon N-Log,0.3636677701171387,372.03212882983286,0.6465204802082464,-2.2987394851848766,0.08066409264550942,82.51936677635614,0.020128351820277977
canon-log,Canon Log,0.3433896492952806,351.28761122907207,0.7326498268328696,-2.7278018112069877,0.09141014912524843,93.51258255512914,0.020897875649994103
canon-log-2,Canon Log 2,0.39825469203794917,407.414549954822,0.5507276032697367,-2.8934947254312116,0.06871235138333173,70.29273546514837,0.002585672955489694
canon-log-3,Canon Log 3,0.3433893703739355,351.28732589253605,0.6644087335941354,-2.7675962389680056,0.08289594727743219,84.80255406481312,0.014376813615202225
red-log3g10,RED Log3G10,0.33333291202599186,340.9995690025897,0.4959208032345451,-2.524910114262017,0.061874299177748705,63.29740805883693,0.003583534177839596
apple-log,Apple Log,0.4882724585268676,499.5027250729856,0.6504798473725565,-3.430067832404997,0.08115808899912319,83.02472504610303,0.0028597403014349217
dji-d-log,DJI D-Log (native EI),0.3987645561893306,407.9361409816852,0.5838494805722877,-3.058117857955834,0.07284485183941256,74.52028343171905,0.0028874687573844306
